<?xml version='1.0' encoding='UTF-8'?>
<?artifactRepository version='1.1.0'?>
<repository name='file:/Users/nathan.nam/AnypointStudio/workspace/instagram-connector/target/update-site/ - artifacts' type='org.eclipse.equinox.p2.artifact.repository.simpleRepository' version='1'>
  <properties size='2'>
    <property name='p2.timestamp' value='1440785707365'/>
    <property name='p2.compressed' value='false'/>
  </properties>
  <mappings size='3'>
    <rule filter='(&amp; (classifier=osgi.bundle))' output='${repoUrl}/plugins/${id}_${version}.jar'/>
    <rule filter='(&amp; (classifier=binary))' output='${repoUrl}/binary/${id}_${version}'/>
    <rule filter='(&amp; (classifier=org.eclipse.update.feature))' output='${repoUrl}/features/${id}_${version}.jar'/>
  </mappings>
  <artifacts size='2'>
    <artifact classifier='osgi.bundle' id='org.mule.tooling.ui.contribution.instagram.3.5.0' version='1.0.0.201508281114'>
      <properties size='3'>
        <property name='artifact.size' value='694021'/>
        <property name='download.size' value='694021'/>
        <property name='download.md5' value='3a2b0d1137fa515ee758037660c30bbf'/>
      </properties>
    </artifact>
    <artifact classifier='org.eclipse.update.feature' id='org.mule.tooling.ui.extension.instagram-connector.3.5.0' version='1.0.0.201508281114'>
      <properties size='4'>
        <property name='artifact.size' value='9366'/>
        <property name='download.size' value='9366'/>
        <property name='download.md5' value='2438a8713d1f33b857d5180e5b52891e'/>
        <property name='download.contentType' value='application/zip'/>
      </properties>
    </artifact>
  </artifacts>
</repository>
