<?xml version='1.0' encoding='UTF-8'?>
<?artifactRepository version='1.1.0'?>
<repository name='file:/Users/nathan.nam/AnypointStudio/workspace/instagram-connector/target/update-site/ - artifacts' type='org.eclipse.equinox.p2.artifact.repository.simpleRepository' version='1'>
  <properties size='2'>
    <property name='p2.timestamp' value='1440779207592'/>
    <property name='p2.compressed' value='false'/>
  </properties>
  <mappings size='3'>
    <rule filter='(&amp; (classifier=osgi.bundle))' output='${repoUrl}/plugins/${id}_${version}.jar'/>
    <rule filter='(&amp; (classifier=binary))' output='${repoUrl}/binary/${id}_${version}'/>
    <rule filter='(&amp; (classifier=org.eclipse.update.feature))' output='${repoUrl}/features/${id}_${version}.jar'/>
  </mappings>
  <artifacts size='2'>
    <artifact classifier='org.eclipse.update.feature' id='org.mule.tooling.ui.extension.instagram-connector.3.5.0' version='1.0.0.201508280926'>
      <properties size='4'>
        <property name='artifact.size' value='655'/>
        <property name='download.size' value='655'/>
        <property name='download.md5' value='e9337e84a934df05baf98d1f92dae547'/>
        <property name='download.contentType' value='application/zip'/>
      </properties>
    </artifact>
    <artifact classifier='osgi.bundle' id='org.mule.tooling.ui.contribution.instagram.3.5.0' version='1.0.0.201508280926'>
      <properties size='3'>
        <property name='artifact.size' value='659875'/>
        <property name='download.size' value='659875'/>
        <property name='download.md5' value='0e4cb863b9cfd50b8a2d330b020d69d3'/>
      </properties>
    </artifact>
  </artifacts>
</repository>
